a,h,g0,n,d_out,sensitivity_kHz_kPa,f0_MHz,linearity_R2
4.399398882132420823e-04,1.113239728506680604e-05,4.332814702918851615e-06,1.200000000000000000e+01,3.779791914795742423e-03,-2.756434160310920447e+02,2.288303454621733692e+02,9.986539585210330028e-01
4.348969084618766801e-04,8.516020618436099477e-06,4.765882751359213310e-06,1.200000000000000000e+01,4.518341376602577619e-03,-6.383029472482976416e+02,2.325444825975742447e+02,9.917587511683088053e-01
4.652290304285501424e-04,1.091225659048060309e-05,4.779941174780138768e-06,1.700000000000000000e+01,3.640075219839734519e-03,-2.417164692276461437e+02,1.617434595612562305e+02,9.978673065132939168e-01
4.616171159281556337e-04,1.108680988790213949e-05,3.908109484744707980e-06,1.700000000000000000e+01,4.252710504689827947e-03,-2.463022062560978895e+02,1.422181735535771736e+02,9.970652492937723821e-01
5.049542507012203668e-04,1.159977307707909165e-05,4.269123120908693065e-06,1.900000000000000000e+01,3.884968195990574392e-03,-2.545073599925111694e+02,1.242225265727106063e+02,9.957530091495275792e-01
4.185948965106951595e-04,8.208567166233623723e-06,3.903735670013104027e-06,1.700000000000000000e+01,4.871733239964931225e-03,-5.237570326554970279e+02,1.512517749192373344e+02,9.856703791876466614e-01
4.862622760084783346e-04,1.189255761014441788e-05,3.264135751676863602e-06,1.700000000000000000e+01,3.554964541627316649e-03,-2.781313137833213318e+02,1.285086627724334107e+02,9.952010965109293616e-01
5.599033297143621996e-04,1.184889505343472687e-05,3.119096522286330813e-06,1.900000000000000000e+01,3.302846676971969708e-03,-6.111807227787578540e+02,9.902662737443175445e+01,9.258945257983853816e-01
4.134348414629276697e-04,8.953455032232232984e-06,3.353493974150320936e-06,1.500000000000000000e+01,3.654522382355633158e-03,-4.730322613187581169e+02,1.726306261051717570e+02,9.917916235872512587e-01
5.187960181756770799e-04,1.143707963073793442e-05,4.139685479851338301e-06,1.800000000000000000e+01,3.338904603605601876e-03,-3.375810890066429693e+02,1.296993640327265496e+02,9.927108265276257670e-01
4.117189391717360853e-04,9.168449588584462958e-06,3.691492731590955125e-06,1.600000000000000000e+01,4.827762143393598410e-03,-3.410926714302838718e+02,1.592829783994814363e+02,9.953136704171247073e-01
5.330764570549123126e-04,1.080584130571599458e-05,3.640547519183243109e-06,1.600000000000000000e+01,4.769957173977825218e-03,-6.231592175549085368e+02,1.225730004476221069e+02,9.604196214966378431e-01
4.884750658407555242e-04,9.386656884755429866e-06,4.656166345472888951e-06,1.700000000000000000e+01,4.969007005986793638e-03,-5.188708885971484506e+02,1.407774847731116097e+02,9.832791141101653309e-01
5.000557194361808858e-04,1.029402282607742351e-05,3.255435013772395846e-06,1.500000000000000000e+01,3.761141525853381202e-03,-7.130309832537158172e+02,1.397558745635700461e+02,9.600066958732771383e-01
4.331268226701297046e-04,1.176029584687900701e-05,4.652796331853566197e-06,1.800000000000000000e+01,4.808745863743281446e-03,-1.304520490903236407e+02,1.512617560749652057e+02,9.993325533336021582e-01
4.682472740880134934e-04,1.085339563507119531e-05,4.448023892915160097e-06,1.300000000000000000e+01,4.322057859444881391e-03,-3.338927312852603677e+02,1.948106909951100079e+02,9.971310328298392811e-01
4.566309486414300823e-04,1.127297976875302646e-05,4.719652740511141165e-06,1.500000000000000000e+01,4.052843381505179428e-03,-2.247749428898572148e+02,1.811638887624247047e+02,9.985668461528635076e-01
4.372803214481135845e-04,1.004542170620208106e-05,3.272813443269015955e-06,1.900000000000000000e+01,3.258550768198061835e-03,-3.126331794149346024e+02,1.302048500866376344e+02,9.939371342518344976e-01
5.440072686708511893e-04,1.021724967550105056e-05,4.894303574058224548e-06,1.900000000000000000e+01,3.368104062380590513e-03,-5.869222320689810886e+02,1.272020122754978786e+02,9.699404934964100944e-01
5.761193725735752266e-04,1.128564860595220397e-05,4.084929390920066400e-06,1.700000000000000000e+01,4.599624619386267176e-03,-6.841064465039337392e+02,1.141814787569060456e+02,9.333328402529518231e-01
4.658434478294781094e-04,9.311410071892816894e-06,4.098095332147132373e-06,1.400000000000000000e+01,4.702305050228118913e-03,-5.921666318424648807e+02,1.707360382509954491e+02,9.856145218803089580e-01
4.899490566112312678e-04,1.134619101191252765e-05,4.242879670392534351e-06,1.300000000000000000e+01,4.004548200005666678e-03,-3.571165647731223771e+02,1.852405465713063109e+02,9.962878749375824183e-01
4.589742348715517462e-04,9.060124008461229486e-06,3.432404704939006400e-06,1.800000000000000000e+01,3.749215382198636641e-03,-6.469378254860654351e+02,1.303813172408441403e+02,9.631204458162659909e-01
4.996466325065465619e-04,1.064968601961397869e-05,3.217772658039784344e-06,1.200000000000000000e+01,4.377769009669515293e-03,-7.104699606029138295e+02,1.676772417491681040e+02,9.761006967367993337e-01
4.962749617411594746e-04,9.938272657224596308e-06,3.196395567626308994e-06,1.500000000000000000e+01,3.999044225153234808e-03,-9.183743433087648782e+02,1.376120369472673701e+02,8.994988430862899120e-01
5.395928434316411317e-04,1.169136023855548798e-05,4.951235558906160662e-06,1.600000000000000000e+01,3.211570091086455615e-03,-3.573704646957608588e+02,1.545195162339690569e+02,9.944299293198753942e-01
4.392037021127035237e-04,1.099788243897289295e-05,3.736677222937929225e-06,1.400000000000000000e+01,4.313654486580806996e-03,-2.619625278804152799e+02,1.768516296287635043e+02,9.979075763846191327e-01
4.357919898971181487e-04,9.292297057526965214e-06,4.190852924538206311e-06,1.700000000000000000e+01,4.985218791575632760e-03,-3.464311488566761454e+02,1.495670300774719124e+02,9.944112093156859400e-01
5.545217154588749642e-04,1.079043613989618793e-05,4.376112650333555916e-06,1.500000000000000000e+01,4.617875135507160632e-03,-6.742530066332748220e+02,1.390089703469664073e+02,9.654399771447741418e-01
4.088635298593820428e-04,1.196410783653357611e-05,4.898096220519598814e-06,1.500000000000000000e+01,4.951375458074436936e-03,-1.176436310247348587e+02,1.956982784014188894e+02,9.996836168351482810e-01
4.920906941607834737e-04,1.172143018715137711e-05,3.178406657795607288e-06,1.500000000000000000e+01,4.430891516442251980e-03,-3.413830095470394781e+02,1.349489591085283564e+02,9.931716821178121490e-01
5.066556114296686753e-04,1.197138473885507105e-05,4.037888719687550375e-06,1.500000000000000000e+01,3.461450316083047353e-03,-3.100692026403858677e+02,1.563050213693303192e+02,9.960460822880538023e-01
4.041296930232210374e-04,1.002753376841619961e-05,4.510450820339792517e-06,1.500000000000000000e+01,3.233632388867143520e-03,-2.343577640939489299e+02,2.097876450423469237e+02,9.988522126334695717e-01
4.778638704570477248e-04,1.071757439189868634e-05,4.637817004483922779e-06,1.300000000000000000e+01,3.153556806244312699e-03,-3.930637414350740642e+02,2.085005780625777447e+02,9.964663269283913216e-01
4.422468647964408728e-04,8.507473808742269512e-06,4.624056921459214912e-06,1.800000000000000000e+01,4.540627941141640520e-03,-4.760080519417663822e+02,1.499743491066115837e+02,9.883957611502220963e-01
4.910067966346265324e-04,1.101453830193870233e-05,3.516113474982859398e-06,1.400000000000000000e+01,3.724157340456279129e-03,-4.469980047148546305e+02,1.588277363195517751e+02,9.912650864438026233e-01
4.873584521369036734e-04,1.132387871706477928e-05,3.200669128602479229e-06,1.700000000000000000e+01,3.175005769294531131e-03,-3.554642135843266146e+02,1.297210974884770849e+02,9.917910817045026972e-01
4.284262855846968760e-04,9.532482404400276341e-06,3.044905775086763007e-06,1.800000000000000000e+01,4.899266575027579583e-03,-3.626484141039222777e+02,1.230729945704088664e+02,9.902726679469161519e-01
4.408951211312562971e-04,9.019086741810057253e-06,4.426703414496770639e-06,1.500000000000000000e+01,3.202061941467560565e-03,-4.931013768250814451e+02,1.908334335716882890e+02,9.928316128393661621e-01
4.560001994590971589e-04,1.156979174678044269e-05,3.488677474234913124e-06,1.500000000000000000e+01,4.411390820148604688e-03,-2.449877883556076767e+02,1.527449094535191989e+02,9.975159025690242265e-01
4.734872687574661265e-04,9.648585031514170867e-06,3.906331298534760709e-06,1.600000000000000000e+01,3.585555302190263516e-03,-5.364174702087044579e+02,1.531290026427969622e+02,9.852583191535205787e-01
4.369343432573006094e-04,9.906717787640578610e-06,4.663660964131104801e-06,1.600000000000000000e+01,3.449056305600408084e-03,-2.946646328603108600e+02,1.827405035510800815e+02,9.974870645280301540e-01
4.259975292684863046e-04,9.418230673711066030e-06,3.193293582147021837e-06,1.800000000000000000e+01,4.833250339990746366e-03,-3.570157863948602994e+02,1.272311124434874898e+02,9.913251511274000505e-01
4.058316486379218548e-04,1.111697304495673100e-05,3.943524139350342168e-06,1.700000000000000000e+01,3.953505531025506940e-03,-1.547193473202892733e+02,1.653651207362889863e+02,9.992089175012514035e-01
4.670490146273870093e-04,1.137033200413370654e-05,3.111076311618486830e-06,1.200000000000000000e+01,3.733004400622046224e-03,-4.075965147120090251e+02,1.831464348469687025e+02,9.948916990898756252e-01
4.542905075319066273e-04,1.044049578944289839e-05,3.555899068975581763e-06,1.300000000000000000e+01,4.483032388115411847e-03,-4.018417282437529252e+02,1.778634533687445867e+02,9.947160384775758368e-01
4.261593343583071109e-04,1.182568364282433318e-05,4.143250386908283611e-06,1.600000000000000000e+01,3.430493175792797590e-03,-1.583667072909014450e+02,1.767852904033528603e+02,9.992775693974066398e-01
4.780443814823426285e-04,1.021539584771551025e-05,4.791962438521515154e-06,1.300000000000000000e+01,3.286397020928953812e-03,-4.574819449175406589e+02,2.103050661854746011e+02,9.951462523089367185e-01
5.448118202373005781e-04,1.120742873122357242e-05,4.792874778939087724e-06,1.900000000000000000e+01,3.635480505900907499e-03,-3.766184014237451834e+02,1.237783617441945694e+02,9.895066104709343557e-01
4.432150954420341089e-04,9.428329115448148040e-06,3.172199459951551029e-06,1.600000000000000000e+01,4.643735558965706584e-03,-4.958665553805666377e+02,1.386143163348235703e+02,9.844754438856946344e-01
4.515888736375211045e-04,9.250672442893901809e-06,4.839119069235545041e-06,1.500000000000000000e+01,4.484818535457578241e-03,-4.257069888694941824e+02,1.808809288218934341e+02,9.942058306962091585e-01
4.447650219530121228e-04,1.123410265999088471e-05,4.484558350660485078e-06,1.600000000000000000e+01,3.541959643970061210e-03,-2.066174357011825009e+02,1.751065599514769815e+02,9.987115519456526425e-01
5.410903172172186774e-04,1.155395249086754307e-05,4.586258239298718297e-06,1.400000000000000000e+01,4.566285091450060854e-03,-4.284305651172010698e+02,1.567223495988772299e+02,9.918363759721501305e-01
4.355204696798537704e-04,9.320563907890183142e-06,3.987201419946475338e-06,1.500000000000000000e+01,4.845610617505692608e-03,-4.063987678512849016e+02,1.667563091393506909e+02,9.937287076892851179e-01
4.288566226290802127e-04,1.126826666768251508e-05,3.212680434875356172e-06,1.800000000000000000e+01,4.852174661362309432e-03,-1.838120342583993931e+02,1.266295371987027067e+02,9.979966146006459260e-01
4.583502285607062780e-04,8.995070065997623344e-06,4.914915173268952476e-06,1.600000000000000000e+01,3.359304687293505551e-03,-5.040158411367436315e+02,1.797478095067666573e+02,9.913397360970521710e-01
4.084839938728076873e-04,9.796280061598595755e-06,4.201076763803407349e-06,1.800000000000000000e+01,4.500087007543921921e-03,-2.141078968063488901e+02,1.551290559394570607e+02,9.982017568676414543e-01
4.406321467696208086e-04,9.144098633042719955e-06,4.842338245666827457e-06,1.500000000000000000e+01,3.664871675758250673e-03,-4.209251243919406420e+02,1.945211280343545468e+02,9.952030578949608852e-01
4.297009655299099669e-04,9.980241409005815239e-06,3.790696466367490824e-06,1.600000000000000000e+01,4.608619427676167481e-03,-2.917964527433895796e+02,1.566076595414700989e+02,9.965561546318143504e-01
5.406710156969746998e-04,9.990761507546715235e-06,4.552033261126664515e-06,1.200000000000000000e+01,3.418840635400735746e-03,-1.179466566604619175e+03,1.948696568358827221e+02,9.309101680636749920e-01
4.222817251012009158e-04,1.079523556116127267e-05,4.558576969343074242e-06,1.600000000000000000e+01,4.469630548522623634e-03,-1.847142970620946301e+02,1.761645127890426181e+02,9.989955597713490176e-01
4.850511035903219909e-04,9.974308918756401166e-06,4.462362994195265716e-06,1.600000000000000000e+01,4.756018800786448314e-03,-4.263753520660041545e+02,1.492594449247586113e+02,9.909557092736647199e-01
4.691274448846446499e-04,1.056424272451108950e-05,3.812031328453856581e-06,1.400000000000000000e+01,3.918516025552683593e-03,-3.988684457926800633e+02,1.711371865763940434e+02,9.943320839238111164e-01
4.377697840627879102e-04,1.186860305844052324e-05,4.074990787649369007e-06,1.300000000000000000e+01,3.617423197927986753e-03,-2.111296312007179381e+02,2.078141573976096197e+02,9.990599832796001056e-01
4.930082497214281810e-04,1.033160736048738521e-05,3.506826366972399080e-06,1.500000000000000000e+01,3.103817149588216848e-03,-5.943220380329689760e+02,1.527159322581309766e+02,9.808228865513982653e-01
4.820664575014876104e-04,1.065788672240572874e-05,3.659027404642874206e-06,1.700000000000000000e+01,3.589366987686834747e-03,-3.776240193616433203e+02,1.369722436603500171e+02,9.916743203464241097e-01
4.078354969222066717e-04,1.009684591323908822e-05,4.744560609889813201e-06,1.300000000000000000e+01,4.926490223397378236e-03,-2.396476927551011897e+02,2.231126003829377851e+02,9.989433318689667773e-01
5.117148041836298714e-04,1.109032504243590129e-05,4.677270868427448274e-06,1.900000000000000000e+01,3.985690725659020786e-03,-2.962004705628479542e+02,1.275538786052152602e+02,9.943788445385547403e-01
5.384236092149994159e-04,1.089159513695011873e-05,3.356313527924550860e-06,1.400000000000000000e+01,3.684942720914729467e-03,-9.577068180848220891e+02,1.418337873859309184e+02,8.943990149959825109e-01
4.471946437283611311e-04,9.710700452458332485e-06,3.634824706142448453e-06,1.600000000000000000e+01,3.913175058746555003e-03,-4.145283028610539304e+02,1.534425470625464811e+02,9.920572383677933592e-01
5.005276956703255588e-04,9.273859063147489292e-06,4.875681793755945658e-06,1.400000000000000000e+01,4.116578595358951452e-03,-7.687903803612381353e+02,1.793148587611507310e+02,9.753444992794532142e-01
4.606572648988155609e-04,9.347453029676130971e-06,4.181985988777066689e-06,1.500000000000000000e+01,3.679692213155088230e-03,-5.331717260756316819e+02,1.727647394725480012e+02,9.891473907828230994e-01
4.416920839094534267e-04,9.935012781374695452e-06,4.517274502152664112e-06,1.800000000000000000e+01,3.730030953455751482e-03,-2.720346398458299859e+02,1.555994734802366395e+02,9.970041584545549229e-01
4.304572795301139830e-04,8.719375574119883558e-06,4.850466722413809228e-06,1.300000000000000000e+01,4.570479968413467160e-03,-5.022300052377582347e+02,2.181286661986741535e+02,9.944859237813509223e-01
4.155735152607181260e-04,8.527667532102608793e-06,4.421789077751158808e-06,1.300000000000000000e+01,3.471702969111738462e-03,-5.425678362873621836e+02,2.299603272151393298e+02,9.941730439323103186e-01
5.421096983833319964e-04,1.167549436803343765e-05,4.119718441143519571e-06,1.700000000000000000e+01,4.310327883983179273e-03,-3.819195204130911065e+02,1.239201956809815073e+02,9.891819410367673759e-01
4.294430128702495181e-04,8.270917526047964221e-06,4.067547120456675543e-06,1.300000000000000000e+01,3.657725025641723679e-03,-7.777438496684314941e+02,2.111563459528579472e+02,9.833073271513388391e-01
4.526973709189678553e-04,1.074954522686036070e-05,4.289756771786564098e-06,1.600000000000000000e+01,4.394235515880272336e-03,-2.521630859499887833e+02,1.601082040589707276e+02,9.976118429179051672e-01
5.637956158084313392e-04,1.145202268027941913e-05,4.207025354448468351e-06,1.800000000000000000e+01,4.362266746656051283e-03,-4.779559212953121232e+02,1.133770992741326182e+02,9.764185465164703093e-01
4.312618175499357393e-04,8.837876058957347010e-06,3.952232241656507706e-06,1.600000000000000000e+01,4.908923270037940725e-03,-4.565632258709702569e+02,1.566198899833265159e+02,9.905155328933588077e-01
4.111919254187961057e-04,1.151810943469166764e-05,4.436517786782759810e-06,1.800000000000000000e+01,4.080270082027765213e-03,-1.257532211250485119e+02,1.622858598041273979e+02,9.994656437712053920e-01
5.488282331997508621e-04,1.137759845938485169e-05,4.738415578203101343e-06,1.500000000000000000e+01,4.294171582652285199e-03,-4.501904833281459446e+02,1.489161993507782995e+02,9.896658294322194793e-01
4.662751199396393737e-04,1.100194815736664812e-05,4.274857178029237697e-06,1.700000000000000000e+01,3.375929608094090876e-03,-2.598347645798567669e+02,1.549472984562199827e+02,9.972640935897907344e-01
5.671024358855029229e-04,1.192750997031126947e-05,3.613592700479059178e-06,1.800000000000000000e+01,4.403788733105025097e-03,-4.859756251718683302e+02,1.042125128881137499e+02,9.690471979796970725e-01
5.620677790733884542e-04,1.134082253743236609e-05,4.404538099695713223e-06,1.700000000000000000e+01,3.719196143880040394e-03,-5.124305111728255042e+02,1.279229229336536235e+02,9.793509967489230084e-01
5.927660754816455610e-04,1.175062914198074507e-05,4.186021679342131643e-06,1.700000000000000000e+01,4.744672071827323728e-03,-6.124832346161263104e+02,1.114081862843082718e+02,9.498206032691332013e-01
4.742617910057755470e-04,1.070646589907154884e-05,4.820046136362502233e-06,1.600000000000000000e+01,3.496373257075475159e-03,-2.967368346693186254e+02,1.706941412608379665e+02,9.970409931392385516e-01
4.635946580205462073e-04,8.419170260241173057e-06,4.787610709231247941e-06,1.400000000000000000e+01,4.192159008987874670e-03,-8.214160915689177500e+02,1.909985265994246504e+02,9.751417407010728455e-01
4.730463992854369321e-04,1.039114677440387884e-05,3.497812660811549433e-06,1.600000000000000000e+01,4.521576568180189770e-03,-4.040335412885071378e+02,1.373394367241110103e+02,9.903095524374543324e-01
4.611933311493111387e-04,9.510680191107399634e-06,3.781840676280725888e-06,1.400000000000000000e+01,4.559671143362908734e-03,-5.586493211355804078e+02,1.670343431174043474e+02,9.868349467925711105e-01
5.179015002224317005e-04,1.012912084342984428e-05,4.763290346117874074e-06,1.800000000000000000e+01,4.787474869555204647e-03,-4.594054386597212556e+02,1.281505388942706531e+02,9.843939252813374008e-01
5.730007852723215025e-04,1.154135278561549256e-05,4.606610334293401706e-06,1.600000000000000000e+01,4.903346130380121029e-03,-4.924800976349869757e+02,1.273032599826827038e+02,9.811112886629407281e-01
4.801673676751553894e-04,1.006060615818505930e-05,4.993365829010863987e-06,1.600000000000000000e+01,4.582332863447245719e-03,-3.607733359143621783e+02,1.610948356886241868e+02,9.948193435003463980e-01
4.414591896100171432e-04,9.575675022027832538e-06,3.292068131717684571e-06,1.600000000000000000e+01,4.367898135640691654e-03,-4.423475667512980181e+02,1.440501331280010504e+02,9.892750804194923031e-01
4.093090191916728352e-04,8.373914065165969411e-06,4.174031418101054012e-06,1.300000000000000000e+01,3.829205415371796442e-03,-5.618002206349970038e+02,2.221950437326299266e+02,9.931797644440187867e-01
4.677211038936904069e-04,1.147997694127156923e-05,3.452864476234802510e-06,1.300000000000000000e+01,4.621532796317474011e-03,-3.195890508338675318e+02,1.688793016760574801e+02,9.964364994432306499e-01
4.389665192175627685e-04,1.062317453689348270e-05,4.308014379931843654e-06,1.600000000000000000e+01,3.550152857466127177e-03,-2.454736262281926429e+02,1.738102631991986584e+02,9.981110170258197245e-01
5.971433196423816397e-04,1.156341538191065857e-05,4.328904111498635963e-06,1.700000000000000000e+01,4.524555086868631629e-03,-7.099501367262957956e+02,1.138957275241777580e+02,9.231476201677054627e-01
5.196959111374379898e-04,1.162921873811402712e-05,4.493673675384380343e-06,1.400000000000000000e+01,4.499444616633941837e-03,-3.571147799672943961e+02,1.621436554404830304e+02,9.950096470739774324e-01
4.443019422065819343e-04,1.135967337918885610e-05,4.941495960840768073e-06,1.700000000000000000e+01,4.938444593923133064e-03,-1.618932678752011327e+02,1.597212505442157067e+02,9.990645500135981738e-01
4.191062095601101318e-04,1.114260820871327625e-05,3.734445275935538783e-06,1.200000000000000000e+01,3.827940919980322119e-03,-2.535531217112281297e+02,2.223775510884349842e+02,9.988016072409788837e-01
5.279446419009295715e-04,1.055353513502903451e-05,4.946671418833441330e-06,1.800000000000000000e+01,4.659778025258113146e-03,-4.062403344460779522e+02,1.290498924737864854e+02,9.886218541468044796e-01
4.165796905959866302e-04,1.124777809525312814e-05,4.059170966255154230e-06,1.200000000000000000e+01,4.645904750793990526e-03,-2.176841184512035738e+02,2.224065377623338122e+02,9.991306710469793906e-01
5.604507970606356897e-04,1.181700649722030211e-05,4.410091310954033914e-06,1.400000000000000000e+01,4.677028145966907573e-03,-4.743774590514084935e+02,1.474314428671668793e+02,9.880089583151497878e-01
4.587541137657082449e-04,1.002015457807104699e-05,4.713124196733827762e-06,1.600000000000000000e+01,3.016610914209799741e-03,-3.474788498689044332e+02,1.792063001751714637e+02,9.962404319702847788e-01
4.308007730173068041e-04,9.823369842362173837e-06,4.505171023852225364e-06,1.500000000000000000e+01,4.712422036382613033e-03,-2.923441650428264325e+02,1.805669712783918328e+02,9.974648749648655777e-01
4.830937749717199121e-04,1.048271603119326650e-05,3.076960883434175979e-06,1.300000000000000000e+01,3.556518624813915716e-03,-6.455797889421967284e+02,1.642158556646791396e+02,9.803212764315170080e-01
4.761979083908682579e-04,1.199234963298809017e-05,3.608441235370814736e-06,1.700000000000000000e+01,4.419268728219748026e-03,-2.187054579727014527e+02,1.311950593578416999e+02,9.972990566290902414e-01
4.173375728974870378e-04,9.960253158344874411e-06,3.959743294838051113e-06,1.700000000000000000e+01,3.963085358031813270e-03,-2.486935775540756879e+02,1.610461282225085995e+02,9.977112680920551258e-01
4.008555067804777002e-04,1.074390284571423661e-05,4.595223402995593674e-06,1.200000000000000000e+01,3.493698438100665063e-03,-2.203749964628976841e+02,2.629553355654777533e+02,9.993711833552512136e-01
4.770304598754519874e-04,8.866572119111567927e-06,3.894858947143798265e-06,1.500000000000000000e+01,3.795225861783730909e-03,-1.010940562898941153e+03,1.599266275324841899e+02,9.190064723871517183e-01
5.618117062530117532e-04,1.142756978726228826e-05,4.210227147049349253e-06,1.400000000000000000e+01,3.858718872305961101e-03,-6.257739299097054300e+02,1.507081170249613251e+02,9.773366576896392877e-01
4.612347661899272953e-04,9.211210893695502588e-06,3.731607272431294881e-06,1.200000000000000000e+01,3.457526275448020124e-03,-8.250871517388877692e+02,2.063678280526407036e+02,9.794521182917399482e-01
4.467386045788413265e-04,1.057363244378739243e-05,4.900065188233574660e-06,1.500000000000000000e+01,4.528646822038976706e-03,-2.460514100236461843e+02,1.835267800933061437e+02,9.983099246949795891e-01
4.871967727568339611e-04,1.036015021465154490e-05,3.059402784110066664e-06,1.800000000000000000e+01,3.601073475059181437e-03,-5.262493552498464169e+02,1.169642500859599181e+02,9.719413122866534804e-01
4.323705095760740544e-04,9.368213845679480170e-06,3.777709074175354395e-06,1.600000000000000000e+01,4.904638768741552413e-03,-3.771662303381239099e+02,1.527672866532534499e+02,9.935407959996993554e-01
4.178051809259349211e-04,1.144131322651188102e-05,4.735340933556408683e-06,1.700000000000000000e+01,3.639058953753189409e-03,-1.417745017804108727e+02,1.792708354296582343e+02,9.994425724096061003e-01
4.904559090177729392e-04,1.105788303895541603e-05,4.466687836613030217e-06,1.300000000000000000e+01,3.464558583174329100e-03,-3.922096745766502295e+02,1.959170100813753379e+02,9.959654847631286279e-01
4.454447677882978100e-04,9.803201142141002738e-06,3.188060668783877392e-06,1.300000000000000000e+01,4.451209037716228820e-03,-5.265417168030926405e+02,1.720741647852262304e+02,9.893646135450725465e-01
4.235545830208084202e-04,8.711731717688407100e-06,3.830607216092335201e-06,1.900000000000000000e+01,3.890119339978946947e-03,-4.101482755189160798e+02,1.402415615012955072e+02,9.904428863895373691e-01
4.993878114948553703e-04,9.863182615791864848e-06,4.028559837889778208e-06,1.800000000000000000e+01,3.547404674762044945e-03,-5.599582111560963540e+02,1.313473916446619114e+02,9.757109056805089997e-01
4.273489407390258245e-04,9.263044726955503046e-06,4.551147959382124032e-06,1.800000000000000000e+01,3.843529207856933097e-03,-3.059198087987131771e+02,1.603589914679035928e+02,9.963727526057446493e-01
4.483108906416194243e-04,8.688732037787206573e-06,3.684875746560219517e-06,1.700000000000000000e+01,3.644121810524412509e-03,-6.746363990452281314e+02,1.473372409091784334e+02,9.705665791637683171e-01
5.436456274088433474e-04,1.050958093017342258e-05,4.523792840461840549e-06,1.600000000000000000e+01,3.721692517811898797e-03,-6.461362400772414958e+02,1.423928554228795065e+02,9.712839881766495154e-01
4.554474768446951233e-04,1.178392678335757942e-05,3.514206709565680200e-06,1.400000000000000000e+01,3.860018880985648364e-03,-2.514293209657678290e+02,1.698310272520783712e+02,9.979099700018218000e-01
4.501061852638702475e-04,9.002714261912191980e-06,4.008596451668249682e-06,1.600000000000000000e+01,3.562638691829851136e-03,-5.542263023776270074e+02,1.633942794667684097e+02,9.863762707306530375e-01
5.308213022453059371e-04,1.158878430831897244e-05,4.565255203132678779e-06,1.600000000000000000e+01,4.016664491203011944e-03,-3.522128321999554714e+02,1.439979794941928617e+02,9.936766354778274746e-01
4.039517586252856871e-04,1.047375194734888086e-05,3.939087638991191554e-06,1.700000000000000000e+01,3.501716179224929806e-03,-1.910860062651697717e+02,1.704579983349490817e+02,9.988437519849915347e-01
4.791658238692240741e-04,1.005534344026118613e-05,3.573651822620982002e-06,1.500000000000000000e+01,4.177073115618956146e-03,-5.332243894495272798e+02,1.491415584127250042e+02,9.844971316360474622e-01
4.487928534590369446e-04,9.868943979252625930e-06,4.538749763656281599e-06,1.400000000000000000e+01,4.920867240839134869e-03,-3.551520996581510303e+02,1.841988524546189865e+02,9.962868662756093618e-01
5.247296376867182461e-04,1.157879402116791773e-05,3.419193797925331048e-06,1.500000000000000000e+01,4.095971648351190778e-03,-4.667573286093751221e+02,1.338483252666567580e+02,9.854214844324297173e-01
4.852349297437026773e-04,1.012127314304037855e-05,3.479621520637057960e-06,1.400000000000000000e+01,3.974032853277574204e-03,-6.194070424401083983e+02,1.575654614601328944e+02,9.803235598034143461e-01
4.497883481117358456e-04,1.040834578538297018e-05,4.984768674689378710e-06,1.400000000000000000e+01,4.594813140763705922e-03,-2.813396264889275926e+02,1.962327267112999607e+02,9.980491531552767581e-01
5.746788508417728127e-04,1.194033996469267598e-05,3.798826535024670007e-06,1.500000000000000000e+01,4.851213278316021324e-03,-5.749113509875728596e+02,1.233155608113727908e+02,9.690692123972766137e-01
4.267604727505559196e-04,1.048918738141464905e-05,4.050279681563529626e-06,1.500000000000000000e+01,4.439370994139052104e-03,-2.442032928068769593e+02,1.755717783994399497e+02,9.981717763291887424e-01
4.427876182865992608e-04,1.129425886769439972e-05,3.313140455538457564e-06,1.500000000000000000e+01,3.836033020428208581e-03,-2.562074318740770309e+02,1.585299285186174529e+02,9.974746630451744034e-01
5.299913270105104145e-04,1.000807221231405308e-05,4.198815169710557099e-06,1.300000000000000000e+01,4.789818114190752714e-03,-9.726157107785933249e+02,1.627720283957806089e+02,9.339531832342903295e-01
5.930841787255614929e-04,1.151023601943767361e-05,4.755797723219093285e-06,1.400000000000000000e+01,4.288110762515822544e-03,-7.059819011852313224e+02,1.479700199857168457e+02,9.670111306177756605e-01
5.291769700359928458e-04,1.081047661501113643e-05,3.508151494285607384e-06,1.600000000000000000e+01,3.083063790745675572e-03,-6.887560686696450603e+02,1.335602199900858125e+02,9.587213134737686548e-01
5.123089235108848997e-04,9.218694947302583803e-06,4.731577979193759206e-06,1.400000000000000000e+01,3.385710728368183150e-03,-1.049119098006393187e+03,1.800597298480863060e+02,9.394041808762352286e-01
4.400188257104715962e-04,1.116756722810040024e-05,3.668870691435555163e-06,1.900000000000000000e+01,3.938654354580262487e-03,-1.905385669275109137e+02,1.317391957554009991e+02,9.980121079918539140e-01
5.710755011246011151e-04,1.117545974612146820e-05,4.385978915686837714e-06,1.800000000000000000e+01,3.527335430804979730e-03,-5.946462557547838514e+02,1.199847181509697407e+02,9.632460658328696468e-01
4.749110519084255902e-04,1.040085410289108752e-05,4.156771382381877507e-06,1.700000000000000000e+01,3.740345839709563122e-03,-3.465748708890025114e+02,1.468987531663049708e+02,9.941737169035028687e-01
4.593018300767966449e-04,9.010284696168395564e-06,3.980971329855833780e-06,1.600000000000000000e+01,4.929008281393123560e-03,-5.741528608808706622e+02,1.474242490560670547e+02,9.807867557283155291e-01
5.776020770971294384e-04,1.099069683598061272e-05,4.861459149681433665e-06,1.700000000000000000e+01,3.198326114447618516e-03,-6.572435201420624935e+02,1.347212077464673712e+02,9.648674290056553637e-01
4.005739569865774817e-04,1.115895549919134712e-05,3.375790244140309433e-06,1.700000000000000000e+01,4.491484523173796400e-03,-1.557315733515443412e+02,1.502216936347965373e+02,9.990192730905383955e-01
5.347118095535336900e-04,1.104276157885823213e-05,4.810776556535243339e-06,1.300000000000000000e+01,4.511564429510265054e-03,-5.080744473941317665e+02,1.754755280737473129e+02,9.906652299594980171e-01
4.337358508121801830e-04,9.543227778614778343e-06,4.035575424789930810e-06,1.800000000000000000e+01,4.049345189778444029e-03,-3.144124544168732882e+02,1.469998781336833531e+02,9.953261860317319520e-01
4.316719517877623275e-04,8.337169044236731656e-06,3.534452883349684500e-06,1.400000000000000000e+01,4.131442138236914030e-03,-8.331195593366403500e+02,1.768710234899569969e+02,9.681730097268627100e-01
4.811821368298984606e-04,1.022963277806423344e-05,4.363610334993797112e-06,1.500000000000000000e+01,4.918156986944473980e-03,-3.987668596448735343e+02,1.572467464241206301e+02,9.931332552868198382e-01
5.879819287703261710e-04,1.101619049500863509e-05,4.934180842877985946e-06,1.800000000000000000e+01,3.535328675657997341e-03,-6.738073881866127977e+02,1.235463779721285960e+02,9.510611519299756456e-01
5.974838781964669342e-04,1.170810092326551162e-05,4.968128074408961807e-06,1.300000000000000000e+01,3.382507785474275341e-03,-7.177255761657103221e+02,1.704038046442950929e+02,9.764732015715175129e-01
4.865798312497963767e-04,1.178634335702558184e-05,3.629427077732503717e-06,1.500000000000000000e+01,3.668241342347876646e-03,-2.993058574274495527e+02,1.524738617829033274e+02,9.961369017364785083e-01
4.934165920454227717e-04,8.962366232268773142e-06,4.397605352470288763e-06,1.800000000000000000e+01,4.796021035091880061e-03,-7.691165761411926951e+02,1.291804205277745154e+02,9.347733322218102492e-01
5.096851529126047347e-04,1.069061820431828210e-05,3.846921215751602774e-06,1.800000000000000000e+01,4.123641437293862518e-03,-4.275708287641780885e+02,1.216067322053287825e+02,9.851236853215887823e-01
5.222729959375724870e-04,1.059125728076493403e-05,3.818767294674222893e-06,1.300000000000000000e+01,3.145818935602880638e-03,-7.648144047032754997e+02,1.731817998795483788e+02,9.733170417153103049e-01
5.243099996026453786e-04,1.081923643534298633e-05,3.660642482418792457e-06,1.300000000000000000e+01,4.215507971416035567e-03,-6.934949286772963433e+02,1.588152808371458775e+02,9.741122975405810402e-01
4.517997992044468867e-04,1.174027588317247362e-05,3.802241652346207032e-06,1.400000000000000000e+01,3.401253214603283843e-03,-2.408579126530995609e+02,1.828673206387764765e+02,9.983726448133977138e-01
4.704311761752820410e-04,9.246864816761584890e-06,4.908600838747151428e-06,1.600000000000000000e+01,4.283233026632414162e-03,-4.803094098530016254e+02,1.658794667618945482e+02,9.906643389917123566e-01
4.001870966606735879e-04,1.094914748135906965e-05,3.639345948327458126e-06,1.600000000000000000e+01,3.781173394478208865e-03,-1.748602006130880966e+02,1.729007081276667179e+02,9.990689317488262722e-01
5.458931498490108983e-04,1.129615427537715983e-05,3.921172569376659201e-06,1.800000000000000000e+01,3.420094212189404761e-03,-4.878625509160739284e+02,1.194132916729699474e+02,9.782724631544931215e-01
4.459261394721411110e-04,1.131280861163812024e-05,3.667672032871575546e-06,1.800000000000000000e+01,3.038895177964525719e-03,-2.125461532775739215e+02,1.443926910117504860e+02,9.979355761357028287e-01
5.112474418500450972e-04,1.119253134296003854e-05,3.589432946927518197e-06,1.200000000000000000e+01,4.546521637614106028e-03,-5.525043090306896829e+02,1.713939102065060922e+02,9.879553316362280624e-01
4.636012643376225461e-04,8.401315216006487917e-06,4.681100316836183134e-06,1.400000000000000000e+01,3.240395683601337944e-03,-9.061741020102471111e+02,1.995354962013900604e+02,9.712198069609178086e-01
4.158400370352421179e-04,1.090283814685298941e-05,3.237553301721105869e-06,1.400000000000000000e+01,3.767033854906609407e-03,-2.509201518491904892e+02,1.795065204617327197e+02,9.981522281127593876e-01
4.055696046075360126e-04,1.076269943425149653e-05,3.100687319067325219e-06,1.800000000000000000e+01,3.746158147436925816e-03,-1.919751776753092827e+02,1.402637151284868935e+02,9.982336864711417457e-01
4.630866178005637224e-04,1.190255967380760432e-05,4.292588968331665909e-06,1.600000000000000000e+01,3.629851066442155508e-03,-2.003277576257116834e+02,1.637064838280871868e+02,9.986082533040127052e-01
4.181194327309400017e-04,1.067313759542552949e-05,4.374651611436617249e-06,1.300000000000000000e+01,4.867961316929505719e-03,-2.288550984709739566e+02,2.096641697031141405e+02,9.989069241227905849e-01
5.042745255089871054e-04,1.141868249299032303e-05,3.162539958954159429e-06,1.300000000000000000e+01,3.681413106157853041e-03,-5.195598890526308651e+02,1.583424031304837740e+02,9.874298119643263316e-01
4.334829382938250233e-04,8.623246606299879896e-06,3.378537094117647811e-06,1.800000000000000000e+01,4.603887120596068805e-03,-5.688792479147601853e+02,1.303100743272584907e+02,9.741296409607969053e-01
4.712500095026195463e-04,8.788338343602293852e-06,3.977022216474916456e-06,1.900000000000000000e+01,3.819638915394179927e-03,-7.180272064288004685e+02,1.289637699363727279e+02,9.477698836644945501e-01
